page,section,page_purpose
1,"Front matter: title, roadmap, prerequisites, and diagnostic","Page 1 of 4: Front matter: title, roadmap, prerequisites, and diagnostic"
2,"Front matter: title, roadmap, prerequisites, and diagnostic","Page 2 of 4: Front matter: title, roadmap, prerequisites, and diagnostic"
3,"Front matter: title, roadmap, prerequisites, and diagnostic","Page 3 of 4: Front matter: title, roadmap, prerequisites, and diagnostic"
4,"Front matter: title, roadmap, prerequisites, and diagnostic","Page 4 of 4: Front matter: title, roadmap, prerequisites, and diagnostic"
5,Chapter 1: Neural Networks and Representation Learning,opening objectives and diagnostic
6,Chapter 1: Neural Networks and Representation Learning,core intuition
7,Chapter 1: Neural Networks and Representation Learning,formal explanation
8,Chapter 1: Neural Networks and Representation Learning,worked example
9,Chapter 1: Neural Networks and Representation Learning,implementation or derivation
10,Chapter 1: Neural Networks and Representation Learning,common mistakes and debugging
11,Chapter 1: Neural Networks and Representation Learning,independent exercises
12,Chapter 1: Neural Networks and Representation Learning,retrieval review
13,Chapter 2: Backpropagation and Optimization,opening objectives and diagnostic
14,Chapter 2: Backpropagation and Optimization,core intuition
15,Chapter 2: Backpropagation and Optimization,formal explanation
16,Chapter 2: Backpropagation and Optimization,worked example
17,Chapter 2: Backpropagation and Optimization,implementation or derivation
18,Chapter 2: Backpropagation and Optimization,common mistakes and debugging
19,Chapter 2: Backpropagation and Optimization,independent exercises
20,Chapter 2: Backpropagation and Optimization,retrieval review
21,Chapter 3: Training Stability and Generalization,opening objectives and diagnostic
22,Chapter 3: Training Stability and Generalization,core intuition
23,Chapter 3: Training Stability and Generalization,formal explanation
24,Chapter 3: Training Stability and Generalization,worked example
25,Chapter 3: Training Stability and Generalization,guided practice
26,Chapter 3: Training Stability and Generalization,implementation or derivation
27,Chapter 3: Training Stability and Generalization,common mistakes and debugging
28,Chapter 3: Training Stability and Generalization,independent exercises
29,Chapter 3: Training Stability and Generalization,retrieval review
30,Chapter 4: Convolutional Networks and Vision,opening objectives and diagnostic
31,Chapter 4: Convolutional Networks and Vision,core intuition
32,Chapter 4: Convolutional Networks and Vision,formal explanation
33,Chapter 4: Convolutional Networks and Vision,worked example
34,Chapter 4: Convolutional Networks and Vision,guided practice
35,Chapter 4: Convolutional Networks and Vision,implementation or derivation
36,Chapter 4: Convolutional Networks and Vision,common mistakes and debugging
37,Chapter 4: Convolutional Networks and Vision,independent exercises
38,Chapter 4: Convolutional Networks and Vision,retrieval review
39,Chapter 5: Sequences Attention and Transformers,opening objectives and diagnostic
40,Chapter 5: Sequences Attention and Transformers,core intuition
41,Chapter 5: Sequences Attention and Transformers,formal explanation
42,Chapter 5: Sequences Attention and Transformers,worked example
43,Chapter 5: Sequences Attention and Transformers,guided practice
44,Chapter 5: Sequences Attention and Transformers,implementation or derivation
45,Chapter 5: Sequences Attention and Transformers,common mistakes and debugging
46,Chapter 5: Sequences Attention and Transformers,independent exercises
47,Chapter 5: Sequences Attention and Transformers,retrieval review
48,Chapter 6: Language Models and Embeddings,opening objectives and diagnostic
49,Chapter 6: Language Models and Embeddings,core intuition
50,Chapter 6: Language Models and Embeddings,formal explanation
51,Chapter 6: Language Models and Embeddings,worked example
52,Chapter 6: Language Models and Embeddings,guided practice
53,Chapter 6: Language Models and Embeddings,implementation or derivation
54,Chapter 6: Language Models and Embeddings,common mistakes and debugging
55,Chapter 6: Language Models and Embeddings,independent exercises
56,Chapter 6: Language Models and Embeddings,retrieval review
57,Chapter 7: Generative Models and Retrieval,opening objectives and diagnostic
58,Chapter 7: Generative Models and Retrieval,core intuition
59,Chapter 7: Generative Models and Retrieval,formal explanation
60,Chapter 7: Generative Models and Retrieval,worked example
61,Chapter 7: Generative Models and Retrieval,guided practice
62,Chapter 7: Generative Models and Retrieval,implementation or derivation
63,Chapter 7: Generative Models and Retrieval,common mistakes and debugging
64,Chapter 7: Generative Models and Retrieval,independent exercises
65,Chapter 7: Generative Models and Retrieval,retrieval review
66,Chapter 8: Evaluation Safety and Responsible AI,opening objectives and diagnostic
67,Chapter 8: Evaluation Safety and Responsible AI,core intuition
68,Chapter 8: Evaluation Safety and Responsible AI,formal explanation
69,Chapter 8: Evaluation Safety and Responsible AI,worked example
70,Chapter 8: Evaluation Safety and Responsible AI,guided practice
71,Chapter 8: Evaluation Safety and Responsible AI,implementation or derivation
72,Chapter 8: Evaluation Safety and Responsible AI,common mistakes and debugging
73,Chapter 8: Evaluation Safety and Responsible AI,independent exercises
74,Chapter 8: Evaluation Safety and Responsible AI,retrieval review
75,Chapter 9: Serving Monitoring and Cost,opening objectives and diagnostic
76,Chapter 9: Serving Monitoring and Cost,core intuition
77,Chapter 9: Serving Monitoring and Cost,formal explanation
78,Chapter 9: Serving Monitoring and Cost,worked example
79,Chapter 9: Serving Monitoring and Cost,guided practice
80,Chapter 9: Serving Monitoring and Cost,implementation or derivation
81,Chapter 9: Serving Monitoring and Cost,common mistakes and debugging
82,Chapter 9: Serving Monitoring and Cost,independent exercises
83,Chapter 9: Serving Monitoring and Cost,retrieval review
84,Chapter 10: Capstone: A Documented AI Product,opening objectives and diagnostic
85,Chapter 10: Capstone: A Documented AI Product,core intuition
86,Chapter 10: Capstone: A Documented AI Product,formal explanation
87,Chapter 10: Capstone: A Documented AI Product,worked example
88,Chapter 10: Capstone: A Documented AI Product,guided practice
89,Chapter 10: Capstone: A Documented AI Product,implementation or derivation
90,Chapter 10: Capstone: A Documented AI Product,common mistakes and debugging
91,Chapter 10: Capstone: A Documented AI Product,independent exercises
92,Chapter 10: Capstone: A Documented AI Product,retrieval review
93,"Capstone, review, and cumulative assessment","Page 1 of 5: Capstone, review, and cumulative assessment"
94,"Capstone, review, and cumulative assessment","Page 2 of 5: Capstone, review, and cumulative assessment"
95,"Capstone, review, and cumulative assessment","Page 3 of 5: Capstone, review, and cumulative assessment"
96,"Capstone, review, and cumulative assessment","Page 4 of 5: Capstone, review, and cumulative assessment"
97,"Capstone, review, and cumulative assessment","Page 5 of 5: Capstone, review, and cumulative assessment"
98,"Glossary, answer guidance, index, and next steps","Page 1 of 3: Glossary, answer guidance, index, and next steps"
99,"Glossary, answer guidance, index, and next steps","Page 2 of 3: Glossary, answer guidance, index, and next steps"
100,"Glossary, answer guidance, index, and next steps","Page 3 of 3: Glossary, answer guidance, index, and next steps"
